paredblolad,pisomoscer,cielorazo,energcocinar3,eviv3,lugar1,v2a1,dependency,edjefe,edjefa,meaneduc,overcrowding,rooms,r4h2,r4h3,r4m3,r4t1,r4t2,tamviv,hogar_nin,hogar_adul,bedrooms,qmobilephone,walls,roof,floor,walls+roof+floor,warning,bonus,phones-per-capita,rooms-per-capita,rent-per-capita,female-sum,female-std,estadocivil7-sum,estadocivil7-std,parentesco2-std,parentesco3-sum,instlevel1-sum,instlevel2-sum,instlevel2-std,instlevel3-sum,instlevel3-std,instlevel4-std,instlevel8-max,instlevel8-sum,escolari-min,escolari-max,escolari-sum,escolari-std,escolari-range_,age-min,age-max,age-sum,age-std,age-range_,inst-max,inst-std,inst-range_,escolari/age-min,escolari/age-max,escolari/age-sum,escolari/age-std,escolari/age-range_,inst/age-max,inst/age-std,inst/age-range_,tech-sum,Target,idhogar
1.0,0.0,1.0,0.0,0.0,1.0,0.0,0.125,0.0,0.2857142857142857,0.1891891891891892,0.17241379310344826,0.6000000000000001,0.25,0.375,0.375,0.2857142857142857,0.30000000000000004,0.3571428571428571,0.3333333333333333,0.3333333333333333,0.5714285714285714,0.5,1.0,0.0,0.0,0.3333333333333333,0.0,0.75,0.2777777777777778,0.11320754716981132,0.0,0.375,0.7745966692414833,0.1,0.5773502691896257,0.0,0.30000000000000004,0.4,0.0,0.0,0.42857142857142855,0.7745966692414833,0.5773502691896257,0.0,0.0,0.0,0.42857142857142855,0.24137931034482757,0.2543647698287001,0.42857142857142855,0.02127659574468085,0.44303797468354433,0.33802816901408456,0.4459521743567984,0.5483870967741936,0.375,0.21650635094610962,0.375,0.0,0.6764705882352942,0.20047314366914432,0.42759918141824316,0.7142857142857143,0.36734693877551017,0.25043808089684466,0.37142857142857133,0.5454545454545454,4,75f505df4
