paredblolad,pisomoscer,cielorazo,energcocinar3,eviv3,lugar1,v2a1,dependency,edjefe,edjefa,meaneduc,overcrowding,rooms,r4h2,r4h3,r4m3,r4t1,r4t2,tamviv,hogar_nin,hogar_adul,bedrooms,qmobilephone,walls,roof,floor,walls+roof+floor,warning,bonus,phones-per-capita,rooms-per-capita,rent-per-capita,female-sum,female-std,estadocivil7-sum,estadocivil7-std,parentesco2-std,parentesco3-sum,instlevel1-sum,instlevel2-sum,instlevel2-std,instlevel3-sum,instlevel3-std,instlevel4-std,instlevel8-max,instlevel8-sum,escolari-min,escolari-max,escolari-sum,escolari-std,escolari-range_,age-min,age-max,age-sum,age-std,age-range_,inst-max,inst-std,inst-range_,escolari/age-min,escolari/age-max,escolari/age-sum,escolari/age-std,escolari/age-range_,inst/age-max,inst/age-std,inst/age-range_,tech-sum,Target,idhogar
0.0,1.0,1.0,1.0,1.0,1.0,0.0,0.0625,0.2857142857142857,0.0,0.13513513513513514,0.22413793103448276,0.30000000000000004,0.125,0.125,0.25,0.14285714285714285,0.1,0.14285714285714285,0.1111111111111111,0.2222222222222222,0.14285714285714285,0.1,1.0,1.0,1.0,1.0,0.0,0.25,0.1111111111111111,0.13207547169811318,0.0,0.25,0.816496580927726,0.0,0.0,0.816496580927726,0.1,0.2,0.2,0.816496580927726,0.14285714285714285,0.816496580927726,0.0,0.0,0.0,0.0,0.2857142857142857,0.08620689655172414,0.2057377999494559,0.2857142857142857,0.0425531914893617,0.2151898734177215,0.1295774647887324,0.3694198367840558,0.33333333333333337,0.25,0.17677669529663687,0.25,0.0,0.3247058823529412,0.0650291398803556,0.2705494056403074,0.34285714285714286,0.2057142857142857,0.18280092353481467,0.20799999999999996,0.09090909090909091,2,2d0cf211d
