paredblolad,pisomoscer,cielorazo,energcocinar3,eviv3,lugar1,v2a1,dependency,edjefe,edjefa,meaneduc,overcrowding,rooms,r4h2,r4h3,r4m3,r4t1,r4t2,tamviv,hogar_nin,hogar_adul,bedrooms,qmobilephone,walls,roof,floor,walls+roof+floor,warning,bonus,phones-per-capita,rooms-per-capita,rent-per-capita,female-sum,female-std,estadocivil7-sum,estadocivil7-std,parentesco2-std,parentesco3-sum,instlevel1-sum,instlevel2-sum,instlevel2-std,instlevel3-sum,instlevel3-std,instlevel4-std,instlevel8-max,instlevel8-sum,escolari-min,escolari-max,escolari-sum,escolari-std,escolari-range_,age-min,age-max,age-sum,age-std,age-range_,inst-max,inst-std,inst-range_,escolari/age-min,escolari/age-max,escolari/age-sum,escolari/age-std,escolari/age-range_,inst/age-max,inst/age-std,inst/age-range_,tech-sum,Target,idhogar
1.0,1.0,1.0,1.0,1.0,1.0,0.0,0.08333333625,0.0,0.2857142857142857,0.16216216216216217,0.25287355172413795,0.8,0.5,0.75,0.5,0.2857142857142857,0.7000000000000001,0.6428571428571428,0.3333333333333333,0.7777777777777777,0.7142857142857142,0.6000000000000001,1.0,1.0,1.0,1.0,0.0,0.25,0.19999999999999998,0.0830188679245283,0.0,0.5,0.7302967433402213,0.30000000000000004,0.6831300510639732,0.4472135954999579,0.0,0.2,0.2,0.4472135954999579,1.0,0.6831300510639732,0.4472135954999579,0.0,0.0,0.0,0.3333333333333333,0.4396551724137931,0.1504172411489795,0.3333333333333333,0.0425531914893617,0.7468354430379747,0.8084507042253521,0.4905367723574141,0.7849462365591399,0.375,0.13944333775567924,0.375,0.0,0.5261437908496732,0.34315511502165924,0.2449753296465904,0.5555555555555556,0.4285714285714285,0.21185167286533513,0.43333333333333324,0.4545454545454546,4,a18c0c0be
